<!--
  e-Science Central
  Copyright (C) 2008-2013 School of Computing Science, Newcastle University

  This program is free software; you can redistribute it and/or
  modify it under the terms of the GNU General Public License
  version 2 as published by the Free Software Foundation at:
  http://www.gnu.org/licenses/gpl-2.0.html

  This program is distributed in the hope that it will be useful,
  but WITHOUT ANY WARRANTY; without even the implied warranty of
  MERCHANTABILITY or FITNESS FOR A PARTICULAR PURPOSE.  See the
  GNU General Public License for more details.

  You should have received a copy of the GNU General Public License
  along with this program; if not, write to the Free Software
  Foundation, Inc., 51 Franklin Street, 5th Floor, Boston, MA 02110-1301, USA.
-->
<WorkflowService>
    <!-- Name of the service, and also the caption that will appear     -->
    <!-- in the top line of the block on the workflow editor            -->
    <Name>filezip</Name>

    <!-- Service description that appears at the bottom of the editor   -->
    <!-- window when the block is selected                              -->
    <Description>Java service created using the service designer</Description>

    <!-- Category to place the service in on the editor palette         -->
    <Category>My Services</Category>

    <!-- Homepage for block documentation                               -->
    <Homepage>/</Homepage>

    <!-- Class name of the service. This needs to extend either the     -->
    <!-- DataProcessorService or the CloudDataProcessorService object   -->
    <ServiceRoutine>MyService</ServiceRoutine>

    <!-- Auto deployed service. Do NOT change for dynamically deployed  -->
    <!-- services that are uploaded via this editor                     -->
    <ServiceType>AUTO</ServiceType>

    <!-- Data streaming mode for this service. This can be one of:      -->
    <!--                                                                -->
    <!-- nostream   - Data is passed in one block through service       -->
    <!-- sequential - Data is streamed one connection at a time         -->
    <!-- parallel   - Data is streamed from all connections in parallel -->
    <StreamMode>nostream</StreamMode>
    
    <!-- Editable service parameters. These properties define what is   -->
    <!-- displayed in the properties panel when a block is selected in  -->
    <!-- the workflow editor. The format of properties is:              -->
    <!--                                                                -->
    <!-- <Property name="" type="" description="" default=""/>          -->
    <!--                                                                -->
    <!-- A list of options is supported for Text and numerical          -->
    <!-- properties, so adding options="A,B,C" will show a drop down    -->        
    <!-- list in the editor. The values in options are comma delimited  -->        
    <!--                                                                -->      
    <!--                                                                -->
    <!-- Where:     name = property name without spaces                 -->
    <!--            type = Document - file reference                    -->
    <!--                   Folder - folder reference                    -->
    <!--                   Integer - integer paramater                  -->
    <!--                   Boolean - true / false value                 -->
    <!--                   String - text parameter                      -->
    <!--                   Double - floating point value                -->
    <!--                   Date - java date parameter                   -->
    <!--                   StringList - vector of text values           -->
    <!--                   TwoColumnList - two columns of text values   -->
    <!--                   ServerObject - an arbitraray object that the -->
    <!--                                  user has access to. The class -->
    <!--                                  name used for searching is set-->
    <!--                                  in the default attribute      -->
    <Properties>

    </Properties>

    <!-- Definition of all of the inputs to a service. The format is:   -->
    <!--                                                                -->
    <!-- <Input name="" type="" streaming=""/>                          -->
    <!--                                                                -->
    <!-- Where:     name = name of input also displayed on connections  -->
    <!--            type = data-wrapper - mixed matrix of data          -->
    <!--                   file-wrapper - list of file names            -->
    <!--                   object-wrapper - Serialized Java object      -->
    <!--                   properties-wrapper - List of name-value pairs-->
    <!--                   link-wrapper - Reference to server documents -->
    <!--            streaming = true / false - is this a streaming link -->
    <Inputs>
        <Input name="input-1" type="file-wrapper" streaming="false"/>
    </Inputs>

    <!-- Definition of all of the outputs from service. The format is:  -->
    <!--                                                                -->
    <!-- <Output name="" type="" streaming=""/>                         -->
    <!--                                                                -->
    <!-- Where:     name = name of input also displayed on connections  -->
    <!--            type = data-wrapper - mixed matrix of data          -->
    <!--                   file-wrapper - list of file names            -->
    <!--                   object-wrapper - Serialized Java object      -->
    <!--            streaming = true / false - is this a streaming link -->
    <Outputs>
        <Output name="output-1" type="file-wrapper" streaming="false"/>
    </Outputs>

</WorkflowService>